<?xml version="1.0" encoding="UTF-8"?>
<project-private xmlns="http://www.netbeans.org/ns/project-private/1">
    <data xmlns="http://www.netbeans.org/ns/make-project-private/1">
        <activeConfTypeElem>1</activeConfTypeElem>
        <activeConfIndexElem>0</activeConfIndexElem>
    </data>
    <editor-bookmarks xmlns="http://www.netbeans.org/ns/editor-bookmarks/2" lastBookmarkId="0"/>
    <open-files xmlns="http://www.netbeans.org/ns/projectui-open-files/2">
        <group>
            <file>file:/home/super0/Dropbox/Private-Non-Public/Current%20Classes/CSC17C/Hmwk/MidTerm/orderedlist.h</file>
            <file>file:/home/super0/Dropbox/Private-Non-Public/Current%20Classes/CSC17C/Hmwk/MidTerm/main.cpp</file>
            <file>file:/home/super0/Dropbox/Private-Non-Public/Current%20Classes/CSC17C/Hmwk/MidTerm/mylist.h</file>
            <file>file:/home/super0/Dropbox/Private-Non-Public/Current%20Classes/CSC17C/Hmwk/MidTerm/midterm.h</file>
            <file>file:/home/super0/Dropbox/Private-Non-Public/Current%20Classes/CSC17C/Hmwk/MidTerm/stuff.cpp</file>
            <file>file:/home/super0/Dropbox/Private-Non-Public/Current%20Classes/CSC17C/Hmwk/MidTerm/empty.h</file>
            <file>file:/home/super0/Dropbox/Private-Non-Public/Current%20Classes/CSC17C/Hmwk/MidTerm/midterm.cpp</file>
            <file>file:/home/super0/Dropbox/Private-Non-Public/Current%20Classes/CSC17C/Hmwk/MidTerm/stuff.h</file>
        </group>
    </open-files>
</project-private>
