<?xml version="1.0" encoding="UTF-8"?>
<configurationDescriptor version="95">
  <logicalFolder name="root" displayName="root" projectFiles="true" kind="ROOT">
    <logicalFolder name="HeaderFiles"
                   displayName="Header Files"
                   projectFiles="true">
      <itemPath>KeyValueList.h</itemPath>
      <itemPath>customer.h</itemPath>
      <itemPath>deque.h</itemPath>
      <itemPath>doublylist.h</itemPath>
      <itemPath>empty.h</itemPath>
      <itemPath>finalexam.h</itemPath>
      <itemPath>invalidargument.h</itemPath>
      <itemPath>map.h</itemPath>
      <itemPath>orderedlist.h</itemPath>
      <itemPath>priorityqueue.h</itemPath>
      <itemPath>queue.h</itemPath>
      <itemPath>singlylist.h</itemPath>
      <itemPath>stack.h</itemPath>
      <itemPath>teller.h</itemPath>
      <itemPath>tree.h</itemPath>
    </logicalFolder>
    <logicalFolder name="ResourceFiles"
                   displayName="Resource Files"
                   projectFiles="true">
    </logicalFolder>
    <logicalFolder name="SourceFiles"
                   displayName="Source Files"
                   projectFiles="true">
      <itemPath>finalexam.cpp</itemPath>
      <itemPath>main.cpp</itemPath>
    </logicalFolder>
    <logicalFolder name="TestFiles"
                   displayName="Test Files"
                   projectFiles="false"
                   kind="TEST_LOGICAL_FOLDER">
    </logicalFolder>
    <logicalFolder name="ExternalFiles"
                   displayName="Important Files"
                   projectFiles="false"
                   kind="IMPORTANT_FILES_FOLDER">
      <itemPath>Makefile</itemPath>
    </logicalFolder>
  </logicalFolder>
  <projectmakefile>Makefile</projectmakefile>
  <confs>
    <conf name="Debug" type="1">
      <toolsSet>
        <compilerSet>default</compilerSet>
        <dependencyChecking>true</dependencyChecking>
        <rebuildPropChanged>false</rebuildPropChanged>
      </toolsSet>
      <compileType>
        <ccTool>
          <standard>8</standard>
        </ccTool>
      </compileType>
      <item path="KeyValueList.h" ex="false" tool="3" flavor2="0">
      </item>
      <item path="customer.h" ex="false" tool="3" flavor2="0">
      </item>
      <item path="deque.h" ex="false" tool="3" flavor2="0">
      </item>
      <item path="doublylist.h" ex="false" tool="3" flavor2="0">
      </item>
      <item path="empty.h" ex="false" tool="3" flavor2="0">
      </item>
      <item path="finalexam.cpp" ex="false" tool="1" flavor2="0">
      </item>
      <item path="finalexam.h" ex="false" tool="3" flavor2="0">
      </item>
      <item path="invalidargument.h" ex="false" tool="3" flavor2="0">
      </item>
      <item path="main.cpp" ex="false" tool="1" flavor2="0">
      </item>
      <item path="map.h" ex="false" tool="3" flavor2="0">
      </item>
      <item path="orderedlist.h" ex="false" tool="3" flavor2="0">
      </item>
      <item path="priorityqueue.h" ex="false" tool="3" flavor2="0">
      </item>
      <item path="queue.h" ex="false" tool="3" flavor2="0">
      </item>
      <item path="singlylist.h" ex="false" tool="3" flavor2="0">
      </item>
      <item path="stack.h" ex="false" tool="3" flavor2="0">
      </item>
      <item path="teller.h" ex="false" tool="3" flavor2="0">
      </item>
      <item path="tree.h" ex="false" tool="3" flavor2="0">
      </item>
    </conf>
    <conf name="Release" type="1">
      <toolsSet>
        <compilerSet>default</compilerSet>
        <dependencyChecking>true</dependencyChecking>
        <rebuildPropChanged>false</rebuildPropChanged>
      </toolsSet>
      <compileType>
        <cTool>
          <developmentMode>5</developmentMode>
        </cTool>
        <ccTool>
          <developmentMode>5</developmentMode>
        </ccTool>
        <fortranCompilerTool>
          <developmentMode>5</developmentMode>
        </fortranCompilerTool>
        <asmTool>
          <developmentMode>5</developmentMode>
        </asmTool>
      </compileType>
      <item path="KeyValueList.h" ex="false" tool="3" flavor2="0">
      </item>
      <item path="customer.h" ex="false" tool="3" flavor2="0">
      </item>
      <item path="deque.h" ex="false" tool="3" flavor2="0">
      </item>
      <item path="doublylist.h" ex="false" tool="3" flavor2="0">
      </item>
      <item path="empty.h" ex="false" tool="3" flavor2="0">
      </item>
      <item path="finalexam.cpp" ex="false" tool="1" flavor2="0">
      </item>
      <item path="finalexam.h" ex="false" tool="3" flavor2="0">
      </item>
      <item path="invalidargument.h" ex="false" tool="3" flavor2="0">
      </item>
      <item path="main.cpp" ex="false" tool="1" flavor2="0">
      </item>
      <item path="map.h" ex="false" tool="3" flavor2="0">
      </item>
      <item path="orderedlist.h" ex="false" tool="3" flavor2="0">
      </item>
      <item path="priorityqueue.h" ex="false" tool="3" flavor2="0">
      </item>
      <item path="queue.h" ex="false" tool="3" flavor2="0">
      </item>
      <item path="singlylist.h" ex="false" tool="3" flavor2="0">
      </item>
      <item path="stack.h" ex="false" tool="3" flavor2="0">
      </item>
      <item path="teller.h" ex="false" tool="3" flavor2="0">
      </item>
      <item path="tree.h" ex="false" tool="3" flavor2="0">
      </item>
    </conf>
  </confs>
</configurationDescriptor>
